{
  "6": {
    "counters": [
      "cpu_cycles",
      "inst_retired",
      "inst_spec",
      "crypto_spec",
      "ase_spec",
      "l1d_cache_refill",
      "st_spec"
    ],
    "n_features": 13,
    "n_test": 241,
    "pos_test": 23,
    "results": {
      "XGBoost": {
        "roc_auc": 0.9994016753091345,
        "pr_auc": 0.9946313799621928,
        "f1": 0.9047619047619048,
        "precision": 1.0,
        "recall": 0.8260869565217391,
        "accuracy": 0.983402489626556,
        "threshold": 0.9133341312408447,
        "confusion_matrix": [
          [
            218,
            0
          ],
          [
            4,
            19
          ]
        ]
      },
      "LSTM": {
        "roc_auc": 0.995811727163941,
        "pr_auc": 0.9714810526918775,
        "f1": 0.85,
        "precision": 1.0,
        "recall": 0.7391304347826086,
        "accuracy": 0.975103734439834,
        "threshold": 0.9494369626045227,
        "confusion_matrix": [
          [
            218,
            0
          ],
          [
            6,
            17
          ]
        ]
      },
      "Hybrid": {
        "roc_auc": 0.9998005584363782,
        "pr_auc": 0.9981884057971013,
        "f1": 0.9545454545454546,
        "precision": 1.0,
        "recall": 0.9130434782608695,
        "accuracy": 0.991701244813278,
        "threshold": 0.8317653639000299,
        "confusion_matrix": [
          [
            218,
            0
          ],
          [
            2,
            21
          ]
        ]
      }
    }
  },
  "12": {
    "counters": [
      "cpu_cycles",
      "inst_retired",
      "inst_spec",
      "l1d_cache",
      "l1d_cache_refill",
      "l2d_cache_refill",
      "ll_cache_miss",
      "ld_spec",
      "st_spec",
      "br_retired",
      "br_mis_pred",
      "crypto_spec",
      "ase_spec"
    ],
    "n_features": 23,
    "n_test": 241,
    "pos_test": 23,
    "results": {
      "XGBoost": {
        "roc_auc": 0.9977064220183487,
        "pr_auc": 0.9583333333333334,
        "f1": 0.9387755102040817,
        "precision": 0.8846153846153846,
        "recall": 1.0,
        "accuracy": 0.9875518672199171,
        "threshold": 0.49674510955810547,
        "confusion_matrix": [
          [
            215,
            3
          ],
          [
            0,
            23
          ]
        ]
      },
      "LSTM": {
        "roc_auc": 0.9992022337455126,
        "pr_auc": 0.9928985507246376,
        "f1": 0.9130434782608695,
        "precision": 0.9130434782608695,
        "recall": 0.9130434782608695,
        "accuracy": 0.983402489626556,
        "threshold": 0.40995854139328003,
        "confusion_matrix": [
          [
            216,
            2
          ],
          [
            2,
            21
          ]
        ]
      },
      "Hybrid": {
        "roc_auc": 0.9992022337455126,
        "pr_auc": 0.9928985507246376,
        "f1": 0.9361702127659575,
        "precision": 0.9166666666666666,
        "recall": 0.9565217391304348,
        "accuracy": 0.9875518672199171,
        "threshold": 0.43651988933292535,
        "confusion_matrix": [
          [
            216,
            2
          ],
          [
            1,
            22
          ]
        ]
      }
    }
  }
}