{
  "6": {
    "counters": [
      "cpu_cycles",
      "inst_retired",
      "inst_spec",
      "crypto_spec",
      "ase_spec",
      "l1d_cache_refill",
      "st_spec"
    ],
    "n_features": 13,
    "n_test": 241,
    "pos_test": 26,
    "results": {
      "XGBoost": {
        "roc_auc": 0.9530411449016101,
        "pr_auc": 0.91514299790053,
        "f1": 0.88,
        "precision": 0.9166666666666666,
        "recall": 0.8461538461538461,
        "accuracy": 0.975103734439834,
        "threshold": 0.4874805808067322,
        "confusion_matrix": [
          [
            213,
            2
          ],
          [
            4,
            22
          ]
        ]
      },
      "LSTM": {
        "roc_auc": 0.9953488372093023,
        "pr_auc": 0.9695040190162142,
        "f1": 0.875,
        "precision": 0.9545454545454546,
        "recall": 0.8076923076923077,
        "accuracy": 0.975103734439834,
        "threshold": 0.9616929292678833,
        "confusion_matrix": [
          [
            214,
            1
          ],
          [
            5,
            21
          ]
        ]
      },
      "Hybrid": {
        "roc_auc": 0.9955277280858676,
        "pr_auc": 0.9719864750633982,
        "f1": 0.8936170212765957,
        "precision": 1.0,
        "recall": 0.8076923076923077,
        "accuracy": 0.979253112033195,
        "threshold": 0.9152688006618878,
        "confusion_matrix": [
          [
            215,
            0
          ],
          [
            5,
            21
          ]
        ]
      }
    }
  },
  "12": {
    "counters": [
      "cpu_cycles",
      "inst_retired",
      "inst_spec",
      "l1d_cache",
      "l1d_cache_refill",
      "l2d_cache_refill",
      "ll_cache_miss",
      "ld_spec",
      "st_spec",
      "br_retired",
      "br_mis_pred",
      "crypto_spec",
      "ase_spec"
    ],
    "n_features": 23,
    "n_test": 241,
    "pos_test": 26,
    "results": {
      "XGBoost": {
        "roc_auc": 0.9991949910554562,
        "pr_auc": 0.9930034686798612,
        "f1": 0.9615384615384616,
        "precision": 0.9615384615384616,
        "recall": 0.9615384615384616,
        "accuracy": 0.991701244813278,
        "threshold": 0.5363898873329163,
        "confusion_matrix": [
          [
            214,
            1
          ],
          [
            1,
            25
          ]
        ]
      },
      "LSTM": {
        "roc_auc": 1.0,
        "pr_auc": 1.0,
        "f1": 0.9803921568627451,
        "precision": 1.0,
        "recall": 0.9615384615384616,
        "accuracy": 0.995850622406639,
        "threshold": 0.36315974593162537,
        "confusion_matrix": [
          [
            215,
            0
          ],
          [
            1,
            25
          ]
        ]
      },
      "Hybrid": {
        "roc_auc": 1.0,
        "pr_auc": 1.0,
        "f1": 0.9811320754716981,
        "precision": 0.9629629629629629,
        "recall": 1.0,
        "accuracy": 0.995850622406639,
        "threshold": 0.2222089437616642,
        "confusion_matrix": [
          [
            214,
            1
          ],
          [
            0,
            26
          ]
        ]
      }
    }
  }
}