{
  "6": {
    "counters": [
      "cpu_cycles",
      "inst_retired",
      "inst_spec",
      "crypto_spec",
      "ase_spec",
      "l1d_cache_refill",
      "st_spec"
    ],
    "n_features": 13,
    "n_test": 241,
    "pos_test": 22,
    "results": {
      "XGBoost": {
        "roc_auc": 0.9736405147364051,
        "pr_auc": 0.8385446759043015,
        "f1": 0.7450980392156863,
        "precision": 0.6551724137931034,
        "recall": 0.8636363636363636,
        "accuracy": 0.946058091286307,
        "threshold": 0.2360798716545105,
        "confusion_matrix": [
          [
            209,
            10
          ],
          [
            3,
            19
          ]
        ]
      },
      "LSTM": {
        "roc_auc": 0.9844333748443337,
        "pr_auc": 0.8696947936260397,
        "f1": 0.76,
        "precision": 0.6785714285714286,
        "recall": 0.8636363636363636,
        "accuracy": 0.950207468879668,
        "threshold": 0.1873859316110611,
        "confusion_matrix": [
          [
            210,
            9
          ],
          [
            3,
            19
          ]
        ]
      },
      "Hybrid": {
        "roc_auc": 0.9885844748858448,
        "pr_auc": 0.888464107348562,
        "f1": 0.7719298245614035,
        "precision": 0.6285714285714286,
        "recall": 1.0,
        "accuracy": 0.946058091286307,
        "threshold": 0.3039282412304217,
        "confusion_matrix": [
          [
            206,
            13
          ],
          [
            0,
            22
          ]
        ]
      }
    }
  },
  "12": {
    "counters": [
      "cpu_cycles",
      "inst_retired",
      "inst_spec",
      "l1d_cache",
      "l1d_cache_refill",
      "l2d_cache_refill",
      "ll_cache_miss",
      "ld_spec",
      "st_spec",
      "br_retired",
      "br_mis_pred",
      "crypto_spec",
      "ase_spec"
    ],
    "n_features": 23,
    "n_test": 241,
    "pos_test": 22,
    "results": {
      "XGBoost": {
        "roc_auc": 0.9991697799916978,
        "pr_auc": 0.9922595520421605,
        "f1": 0.9523809523809523,
        "precision": 1.0,
        "recall": 0.9090909090909091,
        "accuracy": 0.991701244813278,
        "threshold": 0.9478675723075867,
        "confusion_matrix": [
          [
            219,
            0
          ],
          [
            2,
            20
          ]
        ]
      },
      "LSTM": {
        "roc_auc": 0.9989622249896223,
        "pr_auc": 0.9900950498776585,
        "f1": 0.9361702127659575,
        "precision": 0.88,
        "recall": 1.0,
        "accuracy": 0.9875518672199171,
        "threshold": 0.13198630511760712,
        "confusion_matrix": [
          [
            216,
            3
          ],
          [
            0,
            22
          ]
        ]
      },
      "Hybrid": {
        "roc_auc": 0.9995848899958489,
        "pr_auc": 0.9962121212121212,
        "f1": 0.9333333333333333,
        "precision": 0.9130434782608695,
        "recall": 0.9545454545454546,
        "accuracy": 0.9875518672199171,
        "threshold": 0.6083995968902073,
        "confusion_matrix": [
          [
            217,
            2
          ],
          [
            1,
            21
          ]
        ]
      }
    }
  }
}