{
  "dataset": "dataset.csv",
  "n_windows": 1205,
  "window": {
    "win": 32,
    "stride": 16
  },
  "split": {
    "train": 770,
    "val": 194,
    "test": 241
  },
  "pos_rate": {
    "train": 0.09610389610389611,
    "val": 0.0979381443298969,
    "test": 0.0954356846473029
  },
  "pos_weight": 9.405405405405405,
  "meta_coef": [
    0.6081605116187864,
    5.550438471738435
  ],
  "results_test": {
    "XGBoost": {
      "roc_auc": 0.9977064220183487,
      "pr_auc": 0.9583333333333334,
      "f1": 0.9387755102040817,
      "precision": 0.8846153846153846,
      "recall": 1.0,
      "accuracy": 0.9875518672199171,
      "threshold": 0.49674510955810547,
      "confusion_matrix": [
        [
          215,
          3
        ],
        [
          0,
          23
        ]
      ]
    },
    "LSTM": {
      "roc_auc": 0.9992022337455126,
      "pr_auc": 0.9928985507246376,
      "f1": 0.9130434782608695,
      "precision": 0.9130434782608695,
      "recall": 0.9130434782608695,
      "accuracy": 0.983402489626556,
      "threshold": 0.40995854139328003,
      "confusion_matrix": [
        [
          216,
          2
        ],
        [
          2,
          21
        ]
      ]
    },
    "Hybrid": {
      "roc_auc": 0.9992022337455126,
      "pr_auc": 0.9928985507246376,
      "f1": 0.9361702127659575,
      "precision": 0.9166666666666666,
      "recall": 0.9565217391304348,
      "accuracy": 0.9875518672199171,
      "threshold": 0.43651988933292535,
      "confusion_matrix": [
        [
          216,
          2
        ],
        [
          1,
          22
        ]
      ]
    }
  }
}