{
  "dataset": "dataset.csv",
  "n_windows": 1206,
  "window": {
    "win": 32,
    "stride": 16
  },
  "split": {
    "train": 773,
    "val": 192,
    "test": 241
  },
  "pos_rate": {
    "train": 0.09314359637774904,
    "val": 0.09375,
    "test": 0.0912863070539419
  },
  "pos_weight": 9.73611111111111,
  "meta_coef": [
    2.578487558874695,
    3.26077323510501
  ],
  "results_test": {
    "XGBoost": {
      "roc_auc": 0.9968866749688668,
      "pr_auc": 0.9791643139469225,
      "f1": 0.9523809523809523,
      "precision": 1.0,
      "recall": 0.9090909090909091,
      "accuracy": 0.991701244813278,
      "threshold": 0.9420250654220581,
      "confusion_matrix": [
        [
          219,
          0
        ],
        [
          2,
          20
        ]
      ]
    },
    "LSTM": {
      "roc_auc": 0.9943960149439601,
      "pr_auc": 0.9701675136457745,
      "f1": 0.875,
      "precision": 0.8076923076923077,
      "recall": 0.9545454545454546,
      "accuracy": 0.975103734439834,
      "threshold": 0.06139347702264786,
      "confusion_matrix": [
        [
          214,
          5
        ],
        [
          1,
          21
        ]
      ]
    },
    "Hybrid": {
      "roc_auc": 0.9948111249481112,
      "pr_auc": 0.9728151075977163,
      "f1": 0.84,
      "precision": 0.75,
      "recall": 0.9545454545454546,
      "accuracy": 0.966804979253112,
      "threshold": 0.14457188970523918,
      "confusion_matrix": [
        [
          212,
          7
        ],
        [
          1,
          21
        ]
      ]
    }
  }
}