{
  "dataset": "dataset.csv",
  "n_windows": 1206,
  "window": {
    "win": 32,
    "stride": 16
  },
  "split": {
    "train": 773,
    "val": 192,
    "test": 241
  },
  "pos_rate": {
    "train": 0.09314359637774904,
    "val": 0.09375,
    "test": 0.0912863070539419
  },
  "pos_weight": 9.73611111111111,
  "meta_coef": [
    0.924890209105118,
    5.716331428078885
  ],
  "results_test": {
    "XGBoost": {
      "roc_auc": 0.9995848899958488,
      "pr_auc": 0.9945454545454546,
      "f1": 0.9361702127659575,
      "precision": 0.88,
      "recall": 1.0,
      "accuracy": 0.9875518672199171,
      "threshold": 0.4741448760032654,
      "confusion_matrix": [
        [
          216,
          3
        ],
        [
          0,
          22
        ]
      ]
    },
    "LSTM": {
      "roc_auc": 0.9956413449564134,
      "pr_auc": 0.969158676668558,
      "f1": 0.9333333333333333,
      "precision": 0.9130434782608695,
      "recall": 0.9545454545454546,
      "accuracy": 0.9875518672199171,
      "threshold": 0.4568748474121094,
      "confusion_matrix": [
        [
          217,
          2
        ],
        [
          1,
          21
        ]
      ]
    },
    "Hybrid": {
      "roc_auc": 0.995848899958489,
      "pr_auc": 0.9699094274193087,
      "f1": 0.9333333333333333,
      "precision": 0.9130434782608695,
      "recall": 0.9545454545454546,
      "accuracy": 0.9875518672199171,
      "threshold": 0.5768695963364731,
      "confusion_matrix": [
        [
          217,
          2
        ],
        [
          1,
          21
        ]
      ]
    }
  }
}