{
  "dataset": "dataset.csv",
  "n_windows": 1212,
  "window": {
    "win": 32,
    "stride": 16
  },
  "split": {
    "train": 775,
    "val": 196,
    "test": 241
  },
  "pos_rate": {
    "train": 0.10709677419354839,
    "val": 0.10714285714285714,
    "test": 0.1078838174273859
  },
  "pos_weight": 8.337349397590362,
  "meta_coef": [
    3.4369085497717133,
    3.8758689767019887
  ],
  "results_test": {
    "XGBoost": {
      "roc_auc": 0.9991949910554562,
      "pr_auc": 0.9930034686798612,
      "f1": 0.9615384615384616,
      "precision": 0.9615384615384616,
      "recall": 0.9615384615384616,
      "accuracy": 0.991701244813278,
      "threshold": 0.5363898873329163,
      "confusion_matrix": [
        [
          214,
          1
        ],
        [
          1,
          25
        ]
      ]
    },
    "LSTM": {
      "roc_auc": 1.0,
      "pr_auc": 1.0,
      "f1": 0.9803921568627451,
      "precision": 1.0,
      "recall": 0.9615384615384616,
      "accuracy": 0.995850622406639,
      "threshold": 0.36315974593162537,
      "confusion_matrix": [
        [
          215,
          0
        ],
        [
          1,
          25
        ]
      ]
    },
    "Hybrid": {
      "roc_auc": 1.0,
      "pr_auc": 1.0,
      "f1": 0.9811320754716981,
      "precision": 0.9629629629629629,
      "recall": 1.0,
      "accuracy": 0.995850622406639,
      "threshold": 0.2222089437616642,
      "confusion_matrix": [
        [
          214,
          1
        ],
        [
          0,
          26
        ]
      ]
    }
  }
}