{
  "dataset": "dataset.csv",
  "n_windows": 1206,
  "window": {
    "win": 32,
    "stride": 16
  },
  "split": {
    "train": 773,
    "val": 192,
    "test": 241
  },
  "pos_rate": {
    "train": 0.09314359637774904,
    "val": 0.09375,
    "test": 0.0912863070539419
  },
  "pos_weight": 9.73611111111111,
  "meta_coef": [
    2.8046850053675434,
    4.189959032768074
  ],
  "results_test": {
    "XGBoost": {
      "roc_auc": 0.9991697799916978,
      "pr_auc": 0.9922595520421605,
      "f1": 0.9523809523809523,
      "precision": 1.0,
      "recall": 0.9090909090909091,
      "accuracy": 0.991701244813278,
      "threshold": 0.9478675723075867,
      "confusion_matrix": [
        [
          219,
          0
        ],
        [
          2,
          20
        ]
      ]
    },
    "LSTM": {
      "roc_auc": 0.9989622249896223,
      "pr_auc": 0.9900950498776585,
      "f1": 0.9361702127659575,
      "precision": 0.88,
      "recall": 1.0,
      "accuracy": 0.9875518672199171,
      "threshold": 0.13198630511760712,
      "confusion_matrix": [
        [
          216,
          3
        ],
        [
          0,
          22
        ]
      ]
    },
    "Hybrid": {
      "roc_auc": 0.9995848899958489,
      "pr_auc": 0.9962121212121212,
      "f1": 0.9333333333333333,
      "precision": 0.9130434782608695,
      "recall": 0.9545454545454546,
      "accuracy": 0.9875518672199171,
      "threshold": 0.6083995968902073,
      "confusion_matrix": [
        [
          217,
          2
        ],
        [
          1,
          21
        ]
      ]
    }
  }
}